id,system_id,dependent_variable,independent_variable_1
1,1,45.33421348,10
2,1,37.70771348,20
3,1,25.54627418,30
4,1,39.14884947,40
5,1,29.29148868,50
6,1,23.66439463,60
7,1,23.99133279,70
8,1,14.75106888,80
9,1,21.59323103,90
10,1,45.34438808,100
