id,system_id,dependent_variable,independent_variable_1
1,1,12.17501227,10
2,1,26.0044716,20
3,1,28.38618881,30
4,1,43.12683839,40
5,1,54.12487415,50
6,1,65.08330105,60
7,1,71.88702764,70
8,1,67.62864975,80
9,1,91.30517199,90
10,1,94.25095119,100
