id,system_id,dependent_variable,independent_variable_1
1,1,0.001345021,10
2,1,0.006964089,20
3,1,0.035229719,30
4,1,0.159761997,40
5,1,0.497500021,50
6,1,0.837534937,60
7,1,0.964084154,70
8,1,0.992896226,80
9,1,0.998627845,90
10,1,0.999736185,100
