id,system_id,dependent_variable,independent_variable_1
1,1,0.04462934,10
2,1,0.045622057,20
3,1,0.132374877,30
4,1,0.09300609,40
5,1,0.535182581,50
6,1,0.874685234,60
7,1,0.954325119,70
8,1,1,80
9,1,0.977701897,90
10,1,0.983227281,100
