id,system_id,dependent_variable,independent_variable_1
1,1,0.028565501,10
2,1,0.135335283,20
3,1,0.411112291,30
4,1,0.800737403,40
5,1,1,50
6,1,0.800737403,60
7,1,0.411112291,70
8,1,0.135335283,80
9,1,0.028565501,90
10,1,0.00386592,100
