id,system_id,dependent_variable,independent_variable_1
1,1,0,10
2,1,0.114052348,20
3,1,0.482837485,30
4,1,0.707360402,40
5,1,1,50
6,1,0.877922643,60
7,1,0.45602602,70
8,1,0.15635441,80
9,1,0,90
10,1,0.037878,100
